cellname,celltype
GGGACACGGAGC,CT14
ACAAGCCGCTGG,CT14
CGATCCACGTGA,CT14
CTGTCTCAAGAG,CT14
ACTTAATAAGGA,CT14
AATGCCGTCTCT,CT14
TATGCGATTTGC,CT14
TGTCTATGACCT,CT14
CTCGGGACTAGC,CT14
ATGCGTCCCCAG,CT14
CGCGTAACAGAT,CT14
TACGCAAGCCAT,CT14
CGAATCTGCAGG,CT14
GCCCTAGACTTG,CT14
GTAACCGAGAGA,CT14
AGGGGCTTGGGT,CT14
ACGCACTTTCAA,CT14
ATTGTTAACTGC,CT14
TGGTCATAAGCG,CT14
GCAACGGGACAC,CT14
TTATTGCCTTCT,CT14
TATAAGTAATGG,CT14
GTGTCGTTGCAC,CT14
GACTCCGTAGAT,CT14
AAAGGGAGTAAA,CT14
AGGCCTCCCTTA,CT14
AGTTTTTCCTGC,CT14
AAAGACTGGCAG,CT14
TTAATGTGCTAC,CT14
TCTATAGAGGGT,CT14
AACGCTCCGGAC,CT14
AGCGTCTTTCCA,CT14
TTCGCTGCCCTC,CT14
ATTGACCGTGTN,CT14
GTGTAAGGGTCC,CT14
TATACGACGTTA,CT14
AGTTACCTACGT,CT14
ATAGAGTTCTTT,CT14
AATCGCCTCTGA,CT14
CTGAAGGTAGTC,CT14
CCCCTACATCTA,CT14
AGGCATCTTGTA,CT14
TTCTTCCAGTTA,CT14
ATTGTCTTCACC,CT14
TCCCCTTCGAGT,CT14
GCATGCAAGTAA,CT14
TCGTCCGTACAG,CT14
TCTTTTTCTGCA,CT14
TCCCAGTTCGTT,CT14
TGGCTTATCGTG,CT14
GCGCTAGCGTTT,CT18
CATCCCCTTCTC,CT18
TTATGTGGCCTG,CT18
CCTCGATCACGG,CT18
CCCGTTGAGAGC,CT18
CACCAACCGTCA,CT18
ACGCACACTAAC,CT18
TTGTCGTACAAT,CT18
GCGCACCGGGCT,CT18
TGGCGTCATCCC,CT18
TGGTCTTGATTN,CT18
AATCAACTTATG,CT18
AGGGCCGATAGA,CT18
CCGGACCCTCTA,CT18
GCCCTGGCCTCT,CT18
CCTATCACCAGC,CT18
CCTCAAACCCTG,CT18
TCCGCTTGTATT,CT18
AGTCAGGTCGAT,CT18
TGTCTTAGACGG,CT18
ATCGAGCAAGTG,CT18
CGTTGCTGAATT,CT18
TGACCCGCTCTA,CT18
GCGTACAACTCA,CT18
ACGCGAGATCAC,CT18
CTCTTTTAGTCA,CT18
TCCCCTCCCCGC,CT18
ACTTGACCGGTG,CT18
ATTTTGCTTAGN,CT18
AATTGGTAAGGC,CT18
GTACAACTGTTC,CT18
CTTTGTAGTGCA,CT18
GCGCCATGGCGT,CT18
GCCCGCGGTACT,CT18
AAGGCAAGGGTC,CT18
CCGACCTGTTTG,CT18
TGTTTCTAGGAG,CT18
TTCACGCACTAN,CT22
CGCACCTTAGTA,CT22
AGCATGGTATAG,CT22
TGACTTGCTCTA,CT22
GAATACGTTATG,CT22
GCGATACAAAAG,CT22
TGTCTGGTGGTT,CT22
TTGGTGCTGGAN,CT22
CTTACCCGTCAC,CT22
CTCAGAGCCCTC,CT22
CCACGAGTAATT,CT22
CTTCACGCTTTC,CT22
CCATTAATCTCT,CT22
GTCCCCTTTTCG,CT22
ATGTTTTAGTCG,CT22
TGGACATGTCGT,CT22
AGCTTGACATGA,CT22
AGCTGCGTAGAC,CT22
CATTATGCAGCT,CT22
GTTCTACGCATT,CT22
TATGAGATATCT,CT22
TGCGCCCCATGG,CT22
GAAACGTCCTTC,CT22
CTCTTGTTCACT,CT22
ATGCCCTTGACT,CT22
CCACTCGTCCGA,CT22
TTGGACATACGT,CT22
AGAGAACATGAC,CT22
CAATGACTTGTG,CT22
GCCAAGTAAATA,CT22
TAATTAGTCTTT,CT22
TGAGTTTTAGTA,CT22
TTCTCTCTTCGN,CT22
ATTGCCAGAGGA,CT22
ACGTACATACCT,CT22
TACCGTAGGGTA,CT22
TTCTAGCTTTTT,CT22
CCCGGATTACAC,CT22
TAGTAAGGTCTG,CT22
GAATTTTTCCGT,CT22
TTATAGCATTTT,CT22
CCCGCCACGCTC,CT22
GCCTAGCTCAGC,CT22
CATGGGTGCTTC,CT22
CTTTTGCATAGA,CT22
ACTCCAAATAGG,CT22
CCACCGGCCTAT,CT22
TTTGTCCTCTTC,CT22
CCTACTGTAGCA,CT26
CCCATGCTGAGT,CT26
CCGTGCTACTAA,CT26
TAAACCTGAGAG,CT26
GGTACCTAGTAT,CT26
GATCCTCCGCCG,CT26
TAGTAGGGCCTC,CT26
GGAACCGACAGG,CT26
TTTACGTCAGCA,CT26
TCGAGCCCAGCG,CT26
CCACGAGACTCA,CT26
TTCCCGGCATGA,CT26
CGTTGAAACTTA,CT26
TGTCCATGGTAG,CT26
CTCTCCGAAGTA,CT26
GGCTCGACAATG,CT26
GATGAGTATGAT,CT26
GCCAGGCCGTGG,CT26
AACTAGCCTACG,CT26
ACACGGCATCAT,CT26
CTTGGATAAGCT,CT26
GAGATCTTCGTA,CT26
CGTTCACGCAAC,CT26
CCACATGGTCTN,CT26
TTTATGCTCGAT,CT26
ATGCAGCCGTGG,CT26
TGTTGAACCTGA,CT26
CGAGCATCTTGA,CT26
CCGGTTAGGTTT,CT26
CACGTAATTATT,CT26
CTTCCAGTCGTA,CT26
CTGTCTACGTTC,CT26
CGGCGTCCGCGG,CT30
AAGGAGAAGATG,CT30
AGCCAGGGTTTT,CT30
CCGAGGTCGAAC,CT30
CGTGGCGGACGC,CT30
GCCAGCAAGACT,CT30
CGCTCACGATAT,CT30
ACGCCCTTAACG,CT30
GCAGTCAAATCC,CT30
ACCCCGCCCGGA,CT30
TGAATGAAGTCA,CT30
TGGCAACCGCGT,CT30
CCTCCAGTGCAT,CT30
TGTCCCACCAAC,CT30
GTCTACCTGCCG,CT30
ACAGGCGCATCA,CT30
GCGTCATGAATT,CT34
GGCCACGGATTG,CT34
GATTGCCTGGAG,CT34
CGCTTGCCGGGG,CT34
CTCTCTATATCT,CT34
TACTCAACGGTC,CT34
CGAAGCAGGACT,CT34
TGCGCAGGGTGT,CT34
CGCTGTAACCTC,CT34
ACGGCGATTTAA,CT34
ACCAGCCTTGGA,CT34
CGAGAATTCAAC,CT34
GGAATCTTCCGG,CT34
TTTTCCGATAGA,CT34
TTATTTATGTAG,CT34
GCAACGACTCAG,CT34
TAATTGCTGAGA,CT34
TTATCTAGAATA,CT34
CTGCAAGAGTAA,CT34
AGATTAGTGCCN,CT34
CACTCGGATAGG,CT34
CACATCGAAGTA,CT34
AGAGCGATACGT,CT34
CAATACTCAGTT,CT34
TCTTTCATGGCA,CT34
CAGGTGAACATG,CT34
AACCCTGGTAAA,CT14
TCCTTCACTCAA,CT14
ATTAAAATCATN,CT14
GAGATTTGCCGG,CT14
CGATGCCAGATT,CT14
AAGTAGGAAAGT,CT14
TCTTCGCTCCCA,CT14
GTCGACCCACCT,CT14
TACATTTGCCCG,CT14
ATGCTGCACCAC,CT14
TACAACCGCCTC,CT14
TTTTCCTGTAAC,CT14
ACGCCTGTATAA,CT18
GAAGTGCCCGTT,CT18
TCCAGCAAAACC,CT18
ACCGCCACCACC,CT18
TGTATACCCCGT,CT18
CGGCTTCGCGTT,CT18
TAGGAGCCATCG,CT18
ATCCGTCGCATC,CT18
ACACCACTAGGT,CT18
GCCACTACGGAC,CT18
ATCGTTCCGCAG,CT18
TTTGAGTATGGG,CT18
CCGAGAGAGAAG,CT18
TACTCCTCCATT,CT18
TTTGACTGTCGN,CT18
TCCCATCTATCG,CT18
AGAGCTAATACN,CT18
TACCTCCAGTGT,CT18
CGTTCAAGACAC,CT18
GCAGAACAGAGA,CT18
CTACGCCGAGGT,CT18
CTGGGTGCACGT,CT18
CAAGATCCGCCN,CT18
TTCTCGTTCAAN,CT18
CTGGAGCTACGC,CT18
GTTCGCTGCTGA,CT18
TTCTCACACGTA,CT18
CGGTAGGGAAAN,CT18
GTTTCGGCCAAT,CT18
CTCGATCACCGG,CT18
GTTCGCCCACCN,CT18
GTGTTTCTACGC,CT18
GATAATTCGTCT,CT18
GTCGCAGTCGGG,CT18
CGGCAGGCCCCA,CT18
GAGTTTCAATGN,CT18
TACCCCCCAGAC,CT18
ATTTGAAAAGAG,CT18
GCGGTTCGCCAG,CT18
TTATTGGCCATC,CT18
CGGCCCCCCTAT,CT18
TAGTTTACCGTT,CT18
TAGCCTAACTTT,CT18
TTCATAGTACAG,CT18
CACTATTGTTTA,CT22
TGGAACCGTCAC,CT22
AGATCCGGCTGG,CT22
GAGATCGACGTG,CT22
GTGCACACAAGA,CT22
GCCCCACGAGAG,CT22
TTTTATCTCTGA,CT22
CTCGTAACGTCT,CT22
CTAGACACATGT,CT22
CGCAGCTGTTCC,CT22
ACATCGTTCGTT,CT22
GTCGAACCGCCA,CT22
TGGATAATTTCC,CT22
GATGCGCTTTGT,CT22
TTAAAGGCATCG,CT22
ACCTCAGGAAGA,CT22
GGTAGCAATGAG,CT22
TCCCAGAGTTTT,CT22
ACCCGCTTTGAT,CT22
CGATTCGCCTGG,CT22
TTGAAATGATTA,CT22
ACGTCCCAAGCA,CT22
CCTATTACGGAT,CT26
GGGCATCTCACG,CT26
ATCTTCGAGGAT,CT26
TAGATCAAGTCA,CT26
CGCTGTAGTCGC,CT26
GACTTCGATTTA,CT26
GCTGACAGGACC,CT26
TTCGTTCCTTTG,CT26
TAGCCTCAGTCC,CT26
TGGCCTTGAGTC,CT26
CGATTAGATGTC,CT26
TAAGCCGCCCCA,CT26
TTTGCCACTAGA,CT26
TTCTTGACGCAC,CT26
CGTATCATACGA,CT26
CAAAATCGGGTC,CT26
TGACCTATTAAG,CT26
ATTGTCCGATTG,CT30
TGCTTTCCAGGT,CT30
CCCATCACGGGA,CT30
TGAGGATTCACG,CT30
CGAGTGCATGCC,CT30
ACGCCATACGAN,CT30
GATTCTGAAGCN,CT30
TGTCAACTACTT,CT30
AAACAGACATGA,CT30
GAAACGTTACTN,CT30
TCATTAGGAGAN,CT30
GTTCGCTTGTGG,CT30
AAAAGCTCATTA,CT30
GCCGGTATTATN,CT30
CTGGGAAGACCA,CT30
TTTGCCTTTAGC,CT30
GGCCGCCCCGAA,CT30
GATGCCCTCCGA,CT30
TCACTGACCGTA,CT30
GACGGATTACCT,CT30
ATTGTTCGGATN,CT30
TTCCGCATGCAC,CT30
TACTCCGCATTT,CT30
GCTTTCATACCT,CT30
AGCTTTCCTCAT,CT30
TTTCCGGCAAAN,CT30
CTCTTCCAAGCT,CT30
TGAGTGTGCGTA,CT30
GTGCGGATAGTT,CT30
CGGCCACATTCT,CT30
ATTACGCTGTGA,CT30
GACCCACACTGT,CT30
CAGGCAAGATTT,CT30
TTGTTCCTGATG,CT30
AGTCTACGTATA,CT34
CCGGACCTCGCC,CT34
TATAGGCCGCAC,CT34
AGTAATGGCTTA,CT34
TTTCGAGGTTTC,CT34
AAGGTTGGCAAG,CT34
GTTTCCACCAGG,CT34
CTCCGCATGCCC,CT34
AGCAGGCACGCA,CT34
GACGGTCTTCAA,CT34
TGCAAATGTGAT,CT34
ACCGACTACATC,CT34
